"","X","Name","mean_income","mean_age","mean_percent_white","mean_pop_density","mean_housing_density","restaurant_count","imp_surf","NatWalkInd","Ac_Total","Ac_Land","Ac_Water","Workers","CEC_mal_class_en.ID","CEC_mal_class_en.Class_EN","osm_landcov_fusion","osm_landcov_fusion_r","bio_1","bio_12","human_mod","total_road_length","road_density","area","nightlights","elev","UWIN.Code","Notes","ndvi"
"1",1,"Ahern Home",186489.8,44.65,62.189687,1737.53707,684.95237,1,8,12.333333,125.67012,125.67012,0,458,1,"Temperate or Subpolar Needleaf Forest",7.549614,8,13.95,119.5,0.7039894,47354.123,"0.015080175 [1/m^2]","3140157 [m^2]",7.3,189.727005,NA,"IOR",0.249516373260377
"2",2,"Albany Waterfront Trail-Albany Bulb",98920,36.78182,37.904651,5394.99537,2072.03553,1,49,12.5,433.45887,159.35553,274.1033351,360,2,"Urban and Built-up",7,7,14.35,122.2,0.6300442,29239.094,"0.009311347 [1/m^2]","3140157 [m^2]",10.6,3.304248,"AWT-AB","",0.0753130094239132
"3",3,"Albe Home",106843.61,42.37895,34.155755,3257.38381,1336.77078,18,55,13.166667,119.99818,119.99818,0,824,3,"Urban and Built-up",17.269869,17,14.35,130.1,0.8217065,63443.744,"0.020204001 [1/m^2]","3140157 [m^2]",17.8,39.162342,NA,"IOR",0.15039296130397
"4",4,"Alexander Home",112022.19,42.03529,33.85835,2987.42827,1162.05331,9,64,18.333333,76.13052,76.13052,0,399,4,"Urban and Built-up",18.916906,19,14.35,128.7,0.9169993,69772.709,"0.022219494 [1/m^2]","3140157 [m^2]",24.1,30.810524,NA,"Sarah (Alison + Hoover) Home",0.127046030965911
"5",5,"Andrews Home",178170.47,45.09412,58.695437,3516.15331,1533.20084,35,52,13.166667,39.64596,39.64596,0,440,5,"Urban and Built-up",19.834352,20,14.15,108.8,0.9253537,50464.354,"0.016070645 [1/m^2]","3140157 [m^2]",24.9,90.58007,NA,"",0.178923064174543
"6",6,"Bataclan Home",97470.41,37.2963,49.61476,6147.16581,3339.4893,103,84,18,35.80405,35.80405,0,482,6,"Urban and Built-up",21.076248,21,14.25,109,0.9341115,76804.358,"0.024458761 [1/m^2]","3140157 [m^2]",52.3,27.742865,NA,"Therese Home",0.10229298757729
"7",7,"Bates-Luterman Home",63842.88,34.725,11.562609,7984.27796,2518.24408,3,88,13.166667,36.65432,36.65432,0,507,7,"Urban and Built-up",17.484705,17,14.25,100.8,0.9382263,54522.524,"0.017362991 [1/m^2]","3140157 [m^2]",24,43.382145,NA,"",0.103276561949103
"8",8,"Beery Home",220164,50.6,70.055999,305.08053,112.54763,1,0,6.5,3400.49556,3400.49556,0,875,8,"Temperate or Subpolar Needleaf Forest",6.49624,6,13.75,133.2,0.6106054,19840.165,"0.006318207 [1/m^2]","3140157 [m^2]",1.9,304.575592,"ADH","Annaliese and David Home",0.316218727306047
"9",9,"Belau Home",112023.95,40.01739,41.58571,5110.63464,2218.26119,30,43,14.333333,42.18639,42.18639,0,712,9,"Urban and Built-up",19.749874,20,14.15,104.1,0.9291766,64037.795,"0.020393180 [1/m^2]","3140157 [m^2]",15.3,7.854408,NA,"",0.117576598913294
"10",10,"Belgum Trail",124991.57,46.35714,47.664594,1969.15468,856.51838,1,0,10.5,2208.27241,2208.27241,0,966,10,"Mixed Forest",10.977633,11,14.25,131.6,0.5923384,23231.364,"0.007398153 [1/m^2]","3140157 [m^2]",3.9,130.379181,"BET","",0.262694415242062
"11",11,"Berges Home",100139.75,42.715,25.010026,4736.22645,1777.23887,36,70,13.833333,108.69114,108.69114,0,1273,11,"Urban and Built-up",14.668807,15,14.35,95.9,0.9357814,60465.368,"0.019255522 [1/m^2]","3140157 [m^2]",42.1,19.43227,NA,"",0.129423477472623
"12",12,"Berges Studio",69430.27,37.33704,27.827331,7905.78811,4090.74553,54,94,18.833333,60.95809,60.95809,0,757,12,"Urban and Built-up",14.68056,15,14.25,106.9,0.9555477,85056.095,"0.027086571 [1/m^2]","3140157 [m^2]",71.8,8.963224,NA,"",0.0654102436144344
"13",13,"Blake Garden",154107.38,49.01538,59.161507,1816.76453,778.21784,1,5,13,112.85996,112.85996,0,416,13,"Urban and Built-up",18.305048,18,14.15,129.9,0.8434232,38680.892,"0.012318138 [1/m^2]","3140157 [m^2]",6.2,154.112411,"BG","",0.220421305447801
"14",14,"Booker T. Anderson Park",64334.91,34.66154,18.605388,3256.70553,1285.03071,4,37,12.333333,156.67647,156.67647,0,1126,14,"Urban and Built-up",17.40596,17,14.35,127.5,0.9314634,60371.039,"0.019225482 [1/m^2]","3140157 [m^2]",24.5,8.648863,"BTA","",0.115768057702328
"15",15,"Borozan Home",89407.56,34.68125,27.279576,4389.35462,1864.97228,15,61,16,27.83285,27.83285,0,459,15,"Urban and Built-up",18.376688,18,14.15,109.3,0.9444691,68492.942,"0.021811946 [1/m^2]","3140157 [m^2]",62.5,5.915084,NA,"Mac Home",0.0744667627417343
"16",16,"Briones 1 South",210380.25,51.65,68.574107,195.43538,75.26366,1,0,4,17980.33701,16534.83413,1445.502877,977,16,"Mixed Forest",10.942266,11,14.15,121.8,0.3911764,6194.855,"0.001972785 [1/m^2]","3140157 [m^2]",0.6,255.153519,NA,"",0.31346685581136
"17",17,"Briones 2 North",182843.5,54.2,62.144624,64.43421,26.34251,1,0,4.833333,5344.01885,5344.01885,0,955,17,"Mixed Forest",11.011691,11,14.25,120.6,0.4067208,10985.097,"0.003498263 [1/m^2]","3140157 [m^2]",0.7,306.537079,NA,"",0.308286009264727
"18",18,"Bushrod Community Garden",112968.58,35.95556,51.649074,5614.69382,2441.30815,53,55,17.166667,89.6291,89.6291,0,1173,18,"Urban and Built-up",8.858348,9,14.25,112.1,0.9424178,70882.498,"0.022572913 [1/m^2]","3140157 [m^2]",28.7,38.266922,NA,"",0.121529997545191
"19",19,"Butterfly Hill",98501.71,40.45714,32.413222,2251.18471,823.35892,4,0,10.5,2208.27241,2208.27241,0,966,19,"Mixed Forest",10.895537,11,14.35,131.5,0.7405819,23328.163,"0.007428979 [1/m^2]","3140157 [m^2]",6.7,116.177261,"BH","IOR",0.241629776162409
"20",20,"Carlen Home",150859.35,41.375,64.281849,4843.62215,2225.41605,63,59,17.833333,65.93938,65.93938,0,803,20,"Urban and Built-up",22.155064,22,14.25,115.3,0.9240592,68422.437,"0.021789493 [1/m^2]","3140157 [m^2]",29.8,60.543392,NA,"IOR, pilot+",0.147488417000474
"21",21,"Carquinez",70512,45.96667,56.475245,1183.16639,534.06002,1,0,8.666667,3198.21802,2729.90718,468.3108388,609,21,"Mixed Forest",11,11,14.55,118.7,0.7027321,20079.314,"0.006394365 [1/m^2]","3140157 [m^2]",1.2,66.623039,NA,"",0.222437412762759
"22",22,"Chabot Space Center",171900.6,49.02,64.765228,971.36668,340.01667,1,10,8.833333,787.41034,787.41034,0,705,22,"Urban and Built-up",6.007633,6,13.45,121.9,0.5654653,10242.938,"0.003261919 [1/m^2]","3140157 [m^2]",3.6,453.194366,"CSC","",0.31882230818407
"23",23,"Chen Home",132294.32,41.60333,46.127697,6194.08649,3112.46529,49,50,16.333333,93.42406,93.42406,0,698,23,"Urban and Built-up",16.451654,16,14.25,106.6,0.9345726,65662.757,"0.020910658 [1/m^2]","3140157 [m^2]",30.5,13.202999,"TCH","Retired from UWIN",0.13864354131981
"24",24,"Claremont-Clark Kerr Trak",135459.18,32.96471,54.610345,10722.35111,2874.59298,6,0,10.166667,1703.59117,1703.59117,0,1432,24,"Temperate or Subpolar Needleaf Forest",15.929943,16,14.15,120.2,0.8143945,48747.058,"0.015523763 [1/m^2]","3140157 [m^2]",12.2,143.377228,"CCK","",0.223375009997983
"25",25,"Cleary Home",201301.29,44.4,59.967523,978.63736,480.99861,1,5,9.5,544.44531,544.44531,0,1161,25,"Urban and Built-up",14.924394,15,13.65,125.8,0.6614766,24305.653,"0.007740266 [1/m^2]","3140157 [m^2]",3.8,366.503937,NA,"",0.281902856792133
"26",26,"Corica Park Golf Course",116156.33,44.74,40.604047,3404.97971,1274.42127,1,70,15.5,1243.67308,848.98074,394.6923358,1374,26,"Urban and Built-up",14.16408,14,14.25,100.5,0.7032094,32985.667,"0.010504463 [1/m^2]","3140157 [m^2]",11.9,1.883261,"CGCN","",0.128452435344006
"27",27,"Crown Memorial State Beach",107332.13,40.5125,41.202577,5443.72671,2341.43108,29,61,15.666667,345.99461,98.04286,247.9517537,266,27,"Urban and Built-up",8.250676,8,NA,105,NA,47100.818,"0.014999509 [1/m^2]","3140157 [m^2]",15.3,3.10919,"CMSB","",0.0843159524674905
"28",28,"Dunn Home",100616.7,34.99286,44.76746,5580.21254,2587.28681,70,58,12.5,50.57322,50.57322,0,488,28,"Urban and Built-up",16.231041,16,14.25,110.3,0.9480882,75447.736,"0.024026737 [1/m^2]","3140157 [m^2]",45,28.285749,NA,"",0.0999946303376593
"29",29,"Dwyer Home",86884.65,34.67647,27.242518,4335.17383,1849.3051,15,83,17.5,42.43473,42.43473,0,462,29,"Urban and Built-up",19.185987,19,14.15,110,0.9444691,73070.128,"0.023269575 [1/m^2]","3140157 [m^2]",56.8,5.710769,NA,"",0.076345375272493
"30",30,"Ehara-Brown Home",86953.77,39.96,37.243365,3568.29937,1512.26221,15,63,14.333333,96.22716,96.22716,0,851,30,"Urban and Built-up",13.925851,14,14.35,126.6,0.9413145,68548.574,"0.021829662 [1/m^2]","3140157 [m^2]",24.6,38.769211,NA,"Alison (Hoover)",0.11544997518596
"31",31,"Emerson Home",121205.69,41.48966,52.34439,7950.39761,4531.51222,69,83,15.333333,40.43075,40.43075,0,782,31,"Urban and Built-up",17.183567,17,14.25,107.8,0.9382673,66068.542,"0.021039883 [1/m^2]","3140157 [m^2]",33.6,46.808365,NA,"",0.12762548819414
"32",32,"Estien Home",96196.04,35.52759,45.768913,6568.41289,2764.15953,34,56,13.333333,21.67388,21.67388,0,343,32,"Urban and Built-up",16.066381,16,14.35,113.5,0.9451898,64832.058,"0.020646117 [1/m^2]","3140157 [m^2]",34.7,32.815514,NA,"",0.121450053461286
"33",33,"Fahrer Home",157676.86,46.1875,67.018366,1412.11325,581.21986,1,NA,6.666667,634.00893,634.00893,0,1111,33,"Urban and Built-up",NA,NA,14.65,83.5,0.8311743,30084.109,"0.009580446 [1/m^2]","3140157 [m^2]",9.8,72.928734,NA,"",0.215890291214393
"34",34,"Foothill Lot",115606.67,29.02,50.492139,12017.10512,3098.57357,15,8,13.5,419.89406,419.89406,0,253,34,"Urban and Built-up",11,11,13.95,123.8,0.7160372,41656.221,"0.013265648 [1/m^2]","3140157 [m^2]",26.6,201.308212,"FL","",0.21017457678378
"35",35,"Fortmann Home",178285.25,46.03125,59.705033,3304.34176,1445.57137,24,56,13.166667,39.64596,39.64596,0,440,35,"Urban and Built-up",19.916107,20,14.15,108.8,0.8445918,45282.295,"0.014420390 [1/m^2]","3140157 [m^2]",20.4,92.77668,"LFH","",0.205729751288748
"36",36,"Frey Home",105972.38,43.32778,45.418035,3899.9665,1594.63398,54,48,16.166667,71.49641,71.49641,0,562,36,"Urban and Built-up",17.280157,17,14.25,99.8,0.8775038,58960.055,"0.018776146 [1/m^2]","3140157 [m^2]",15.3,6.159025,NA,"",0.0979999297816492
"37",37,"Fuller Home",168084.67,46.24667,58.440006,2418.25884,1015.99341,20,44,12,146.5985,146.5985,0,595,37,"Urban and Built-up",20.297924,20,13.95,112.4,0.783231,45129.677,"0.014371788 [1/m^2]","3140157 [m^2]",9.8,224.944031,NA,"",0.230164685690568
"38",38,"Getz Home",117701,38.06316,55.762857,6512.74627,3041.4627,36,36,15.333333,45.22548,45.22548,0,280,38,"Urban and Built-up",15.632812,16,14.15,122.7,0.8247009,55245.275,"0.017593155 [1/m^2]","3140157 [m^2]",11.3,141.421082,NA,"",0.19162600913803
"39",39,"Gunther-Murphy Home",152301.53,43.89412,60.018488,6050.43947,3342.16839,21,52,14.833333,112.51921,112.51921,0,775,39,"Urban and Built-up",17.543293,18,14.25,110.8,0.9084806,44957.015,"0.014316803 [1/m^2]","3140157 [m^2]",12.3,39.203571,NA,"",0.18895483224195
"40",40,"Hamilton Home",155328.33,46.9,51.529428,1227.56624,349.0061,1,16,6.833333,853.34305,853.34305,0,1102,40,"Urban and Built-up",28,28,14.15,102.6,0.5942307,12640.25,"0.004025356 [1/m^2]","3140157 [m^2]",3.6,209.684738,NA,"",0.325749534864485
"41",41,"Harley Home",179882.33,42.69167,65.887878,3225.5062,1467.00343,33,37,14.5,121.63745,121.63745,0,607,41,"Urban and Built-up",7.791925,8,14.15,113.3,0.8454198,45965.523,"0.014637968 [1/m^2]","3140157 [m^2]",10,94.652878,NA,"",0.205631777555885
"42",42,"Herman Home",91518.87,35.86875,46.491067,6857.7863,2937.58228,27,51,14.833333,49.45879,49.45879,0,599,42,"Urban and Built-up",6.327004,6,14.35,113.5,0.940095,63051.001,"0.020078930 [1/m^2]","3140157 [m^2]",30.9,32.139915,NA,"",0.126894101067832
"43",43,"Hilltop Lake Park",81778.82,37.04167,11.151022,2977.29716,1226.76683,9,9,16,173.45728,167.07716,6.380122,160,43,"Urban and Built-up",10.017038,10,14.45,129,0.8681665,41114.035,"0.013092986 [1/m^2]","3140157 [m^2]",38.8,28.595963,"HLP","",0.141676949274599
"44",44,"Hirooka Home",200765.3,47.85,63.816388,1640.10216,622.49305,22,2,8.833333,787.41034,787.41034,0,705,44,"Urban and Built-up",19.471203,19,13.95,115.5,0.7718449,50252.223,"0.016003091 [1/m^2]","3140157 [m^2]",12.4,195.012558,NA,"",0.249569052444455
"45",45,"Hoover Home",143363.06,45.29412,56.747188,3768.78286,1598.16067,4,60,14.833333,87.09583,87.09583,0,452,45,"Urban and Built-up",8.958437,9,14.25,126.9,0.8770081,46321.467,"0.014751320 [1/m^2]","3140157 [m^2]",10.2,43.917702,NA,"",0.177711037053578
"46",46,"Huckleberry Botanic Regional Preserve",200198.25,43.8875,62.530001,1185.49305,453.55756,1,0,11.5,2958.76972,2958.28367,0.4860457,961,46,"Temperate or Subpolar Needleaf Forest",7.120765,7,13.45,126.5,0.6457288,21757.996,"0.006928951 [1/m^2]","3140157 [m^2]",3.2,394.751373,"HBRP","",0.292001843816029
"47",47,"Huntsinger Home",124617.33,45.43077,44.712823,2594.83829,1127.1018,1,0,11.333333,109.0393,109.0393,0,389,47,"Urban and Built-up",6.966621,7,14.05,131.5,0.8314691,38430.87,"0.012238517 [1/m^2]","3140157 [m^2]",7.8,146.455444,"LHH","IOR (2)",0.208857222027556
"48",48,"Jean Sweeney Park",107793.4,38.72353,44.701146,4345.75782,1901.79554,4,75,12.833333,52.16899,52.16899,0,516,48,"Urban and Built-up",10.303386,10,14.25,103.4,0.849295,45154.732,"0.014379767 [1/m^2]","3140157 [m^2]",25.6,3.927248,"JSP","",0.0834900350808755
"49",49,"John Herbert Davis Park",62940.35,33.91176,5.725945,5519.76378,1593.14623,1,25,15.666667,104.21986,104.21986,0,856,49,"Urban and Built-up",7.635078,8,14.35,129,0.9124587,46696.09,"0.014870621 [1/m^2]","3140157 [m^2]",26.6,12.734911,NA,"",0.111831413510046
"50",50,"Johns Home",188823.17,44.5,61.114733,1956.36877,745.58437,1,5,5.833333,335.22945,335.22945,0,904,50,"Urban and Built-up",10.107429,10,13.75,122.7,0.7786648,37089.343,"0.011811301 [1/m^2]","3140157 [m^2]",5.3,296.90506,NA,"Wilson Sherman #1 (LOUISE)",0.259136864558064
"51",51,"Kennedy Grove ",138785.5,44.7,36.894653,136.39857,55.69409,1,0,4,17980.33701,16534.83413,1445.502877,977,51,"Mixed Forest",10.909314,11,14.45,137.6,0.5176917,14851.634,"0.004729583 [1/m^2]","3140157 [m^2]",3.1,65.206192,"KG","",0.289463760209321
"52",52,"Lake Chabot Valley",151324,42.97143,44.068962,1343.92929,448.39096,4,2,6.333333,638.25683,519.19071,119.0661234,622,52,"Urban and Built-up",7,7,14.15,100.5,0.7626979,18728.599,"0.005964223 [1/m^2]","3140157 [m^2]",4.5,144.15126,NA,"",0.221624593827404
"53",53,"Lake Chabot Dumpster",151324,42.97143,44.068962,1343.92929,448.39096,4,5,6.333333,638.25683,519.19071,119.0661234,622,53,"Urban and Built-up",12.915248,13,14.15,100.5,0.7626979,18723.825,"0.005962703 [1/m^2]","3140157 [m^2]",4.5,153.385361,NA,"",0.220995595360436
"54",54,"Lawrence Hall of Science",154284.62,40.48889,60.818122,3782.48151,1413.5652,1,59,13.5,419.89406,419.89406,0,253,54,"Urban and Built-up",16.927391,17,13.65,127.5,0.6855775,34136.686,"0.010871011 [1/m^2]","3140157 [m^2]",27.4,331.189026,"LHS","",0.237245455370129
"55",55,"Leadingham Home",94391.38,35.47407,39.119913,5811.03125,2585.3668,24,59,15,52.1554,52.1554,0,627,55,"Urban and Built-up",15.061671,15,14.25,111.9,0.9237932,70555.315,"0.022468719 [1/m^2]","3140157 [m^2]",33.3,13.611608,NA,"",0.0949541966135253
"56",56,"Lerman Home",129932.78,46.34,38.39894,1875.52891,750.07993,1,44,11,289.49717,289.49717,0,844,56,"Urban and Built-up",10.91583,11,14.25,98.3,0.6939833,32163.031,"0.010242490 [1/m^2]","3140157 [m^2]",6.8,131.452301,NA,"",0.202933917031511
"57",57,"Lim Home",86906.35,36.80882,43.138617,7336.37491,4044.09874,76,70,16.166667,50.98142,50.98142,0,602,57,"Urban and Built-up",18.654016,19,14.25,107.4,0.9602263,87689.486,"0.027925188 [1/m^2]","3140157 [m^2]",66.4,22.115946,NA,"",0.0888314646805416
"58",58,"Maness Home",81936.52,36.2069,20.661966,6001.9727,2136.45273,25,56,14.166667,45.73475,45.73475,0,561,58,"Urban and Built-up",26.692783,27,14.25,103.2,0.924122,64138.973,"0.020425401 [1/m^2]","3140157 [m^2]",27.8,46.701004,NA,"IOR",0.117418480695946
"59",59,"Marcus Home",80097.82,36.41667,10.994116,3165.32243,1262.71207,1,57,18.166667,254.43615,254.43615,0,754,59,"Urban and Built-up",27.922117,28,14.45,128.8,0.8922956,42286.666,"0.013466416 [1/m^2]","3140157 [m^2]",29,59.779465,NA,"",0.154780074709254
"60",60,"Marina Bay Park",90797.33,38.675,29.53257,1024.58978,464.97472,10,8,14.666667,1878.53204,490.08776,1388.4442747,1722,60,"Urban and Built-up",9.940832,10,14.25,127.8,0.8835016,38774.434,"0.012347927 [1/m^2]","3140157 [m^2]",49.5,4.697937,"MBP","",0.084936698960442
"61",61,"Mason Home",118221.74,43.38696,42.417409,4748.26204,2027.6277,56,66,17,59.08581,59.08581,0,612,61,"Urban and Built-up",16.610765,17,14.25,106.3,0.94019,59868.682,"0.019065504 [1/m^2]","3140157 [m^2]",36.9,69.803368,"BMH","Retired from UWIN",0.141793072709619
"62",62,"McKinley Park",94692.57,38.06818,40.339487,5153.33659,2244.10885,95,10,15.166667,62.48245,62.48245,0,877,62,"Urban and Built-up",8.341983,8,14.25,101.5,0.9327912,62719.082,"0.019973229 [1/m^2]","3140157 [m^2]",35.8,6.885224,NA,"Failed site",0.071614281057776
"63",63,"McLaughlin Eastshore State Park",111552,37.68,39.202663,3601.50162,1502.551,30,25,19.5,2268.67823,819.59388,1449.0843444,556,63,"Urban and Built-up",7,7,14.35,118.5,0.7771728,44863.34,"0.014286972 [1/m^2]","3140157 [m^2]",31.6,4.7282,"MESP","",0.077724909767337
"64",64,"Merrill Home",196298.44,44.94444,62.895928,2137.00737,816.6154,1,78,15.5,102.34833,102.34833,0,543,64,"Urban and Built-up",13.608189,14,14.15,113.3,0.8678396,36156.051,"0.011514089 [1/m^2]","3140157 [m^2]",9.8,118.528542,NA,"IOR",0.222262644628963
"65",65,"Metropolitan Golf Links",75119.67,33.6,8.970236,491.8576,117.76054,1,78,3.666667,3284.54562,2631.95031,652.5953007,0,65,"Urban and Built-up",8.016009,8,14.35,97.6,0.8116607,22178.612,"0.007062898 [1/m^2]","3140157 [m^2]",30.4,6.178803,NA,"",0.123084064368382
"66",66,"Middleton Home",125196.67,40.37083,59.92537,5780.57046,2608.93806,29,28,17,71.2246,71.2246,0,618,66,"Urban and Built-up",10.204949,10,14.15,122.7,0.9163658,56910.559,"0.018123473 [1/m^2]","3140157 [m^2]",16.7,95.295921,NA,"",0.188208613199257
"67",67,"Miller Knox-Crest Trail",136250,56.3,65.254237,348.55536,189.8804,1,7,8.333333,2078.94397,1135.91302,943.0309574,931,67,"Urban and Built-up",25.232115,25,NA,130.3,NA,22499.528,"0.007165096 [1/m^2]","3140157 [m^2]",36.6,40.332176,"MK-CT","IOR",0.0960405690413818
"68",68,"Miller Knox-Pickleweed",136250,56.3,65.254237,348.55536,189.8804,1,25,8.333333,2078.94397,1135.91302,943.0309574,931,68,"Urban and Built-up",7,7,NA,132.8,NA,14056.36,"0.004476324 [1/m^2]","3140157 [m^2]",2.2,3.081592,"MK-PW","",0.0543997332825095
"69",69,"Mira Vista Park",106010.26,41.935,33.115674,3336.63688,1338.72129,19,9,13.833333,50.81216,50.81216,0,399,69,"Urban and Built-up",17.007614,17,14.35,129.6,0.912889,66994.676,"0.021334815 [1/m^2]","3140157 [m^2]",18.5,43.82317,"MVP","",0.131782572940824
"70",70,"Mirmalek Home",193328.22,46.16667,62.26996,1984.31415,785.87535,1,68,9.5,544.44531,544.44531,0,1161,70,"Urban and Built-up",8.252,8,14.05,118.1,0.7973683,50888.489,"0.016205713 [1/m^2]","3140157 [m^2]",12.1,171.600296,NA,"",0.201874250951798
"71",71,"Monarch Bay Golf Club",111406.6,42.4,16.050553,1661.10681,605.78117,22,81,14.166667,682.02664,141.13166,540.8949812,432,71,"Urban and Built-up",14.166331,14,14.35,99,0.7015464,24193.449,"0.007704534 [1/m^2]","3140157 [m^2]",NA,4.891736,NA,"IOR",0.100790469428299
"72",72,"Morello-Frosch Home",95467.88,38.25,47.352177,5169.10461,2498.69253,43,72,16.166667,57.94174,57.94174,0,694,72,"Urban and Built-up",13.93182,14,14.25,115.4,0.9408406,64670.913,"0.020594800 [1/m^2]","3140157 [m^2]",33.5,16.643869,NA,"",0.10846819004038
"73",73,"Neumann Home",105557.88,39.01333,55.075347,5990.74867,2916.08487,62,47,15,68.25124,68.25124,0,477,73,"Urban and Built-up",4.059287,4,14.35,119.7,0.9342345,65257.772,"0.020781688 [1/m^2]","3140157 [m^2]",16.8,52.804081,NA,"",0.143663136570542
"74",74,"Nicholl Park",68378.71,35.24737,12.436368,4067.24894,1420.79149,2,46,16.833333,83.76393,83.76393,0,349,74,"Urban and Built-up",22.920166,23,14.35,128.1,0.9261011,56398.987,"0.017960561 [1/m^2]","3140157 [m^2]",28,15.337136,NA,"",0.103074806693657
"75",75,"North Richmond Ballpark",65203.17,33.725,8.408083,4298.08988,1208.36192,1,16,11.5,1552.73266,1213.84416,338.8885073,874,75,"Urban and Built-up",11.935446,12,14.35,129.9,0.8923655,38989.819,"0.012416518 [1/m^2]","3140157 [m^2]",19.9,5.019918,"NRB","",0.119983734765978
"76",76,"Ochoa Home",96593.8,40.64,22.437236,2662.15588,1033.44969,1,58,14.5,183.28247,157.47634,25.8061356,670,76,"Urban and Built-up",28,28,14.75,123.2,0.8275517,34177.691,"0.010884069 [1/m^2]","3140157 [m^2]",7.9,21.045675,NA,"",0.128274535502775
"77",77,"Osborne Home",132164,49.5,32.85368,638.80131,239.75458,1,54,12.833333,157.72418,157.72418,0,396,77,"Urban and Built-up",13.421743,13,14.05,102.6,0.643657,26802.829,"0.008535505 [1/m^2]","3140157 [m^2]",9.3,128.418396,NA,"",0.26091498169169
"78",78,"Oyster Bay Regional Shoreline",80958,35.7,16.723553,927.1109,258.4982,12,11,13.5,1173.76503,831.36449,342.4005396,960,78,"Urban and Built-up",6.187119,6,14.35,98.9,0.7702795,9429.362,"0.003002831 [1/m^2]","3140157 [m^2]",18.5,16.777487,"OBRS","",0.0717132756718023
"79",79,"Oz Cali Trail",135380.33,46.55,23.270381,1213.46413,435.5437,1,4,8.833333,384.53109,384.53109,0,5,79,"Temperate or Subpolar Grassland",9.70485,10,14.05,101.5,0.685464,22709.137,"0.007231847 [1/m^2]","3140157 [m^2]",6.5,181.958252,NA,"",0.256184505950812
"80",80,"OZ Creek",110801,41.21111,19.217503,1748.76598,648.86661,1,24,8.833333,384.53109,384.53109,0,5,80,"Urban and Built-up",6,6,14.25,100.2,0.7614012,41811.467,"0.013315086 [1/m^2]","3140157 [m^2]",14.8,84.026703,NA,"",0.212486088880365
"81",81,"OZ SEKI Gate",96301.18,36.45455,15.020781,3229.5239,1074.79566,4,30,8.833333,384.53109,384.53109,0,5,81,"Urban and Built-up",21.900248,22,14.25,98.4,0.7614012,43188.592,"0.013753639 [1/m^2]","3140157 [m^2]",22.1,85.463966,NA,"",0.200271389464932
"82",82,"Phoenixx Home",91639.5,46.95,31.50749,1631.50621,621.84783,1,52,12.166667,464.9142,464.9142,0,890,82,"Urban and Built-up",28,28,14.45,131.8,0.7786441,32708.324,"0.010416142 [1/m^2]","3140157 [m^2]",6.9,86.231125,NA,"",0.214966948342656
"83",83,"Picone Home",71114.78,34.11905,8.945433,5154.17641,1785.70798,1,72,11.166667,60.8548,60.8548,0,352,83,"Urban and Built-up",15.613159,16,14.25,99.9,0.9171172,48491.59,"0.015442408 [1/m^2]","3140157 [m^2]",30.4,21.762991,NA,"",0.147495195989603
"84",84,"Point Isabel Regional Shoreline",100352,37.525,36.1299,1177.46113,497.67089,5,37,14.166667,985.9201,567.97986,417.9402451,750,84,"Urban and Built-up",5.950562,6,14.35,124.3,0.4605772,9509.764,"0.003028436 [1/m^2]","3140157 [m^2]",22.7,5.187954,"PIRS","",0.0337309665297796
"85",85,"Point Molate Beach Park",107870,46.2,51.855779,118.23901,67.97424,1,32,10,4753.26873,3046.31305,1706.9556805,864,85,"Urban and Built-up",10.196423,10,NA,138.6,NA,11042.471,"0.003516534 [1/m^2]","3140157 [m^2]",NA,6.84243,"PMBP","",0.0984855839029387
"86",86,"Point Pinole East",72401,36.8,14.142206,1506.45842,174.06602,1,0,11,3721.22518,2459.36381,1261.8613693,2692,86,"Urban and Built-up",28,28,NA,129.6,NA,14187.166,"0.004517979 [1/m^2]","3140157 [m^2]",28.6,11.552063,"PPE","",0.166842054373189
"87",87,"Point Pinole South",72401,36.8,14.142206,1506.45842,174.06602,1,17,11,3721.22518,2459.36381,1261.8613693,2692,87,"Urban and Built-up",11.156846,11,NA,129.5,NA,17569.765,"0.005595186 [1/m^2]","3140157 [m^2]",21.7,11.646226,"PPS","",0.152555755204244
"88",88,"Point Pinole West",60100,38,3.421462,153.46313,52.04958,1,NA,11,3721.22518,2459.36381,1261.8613693,2692,88,"Mixed Forest",10.956166,11,NA,130.5,NA,10719.333,"0.003413629 [1/m^2]","3140157 [m^2]",1,14.612389,"PPW","",0.101708727640534
"89",89,"Rifle Range Road Trailhead",127837.14,47.05714,45.532025,1076.9383,529.31342,1,0,10.5,2208.27241,2208.27241,0,966,89,"Mixed Forest",11,11,14.15,134.4,0.5528385,20037.182,"0.006380948 [1/m^2]","3140157 [m^2]",3.4,168.426529,"RRR","",0.280251292737293
"90",90,"Roberts Regional-Graham Trail",165250.67,48.43333,58.421371,712.65968,269.68102,1,0,5.5,20001.5525,19136.57573,864.9767623,1180,90,"Mixed Forest",11.172275,11,13.55,120.2,0.6119939,11544.213,"0.003676317 [1/m^2]","3140157 [m^2]",1.8,398.629303,"RR-GT","",0.310442847127436
"91",91,"Rokoff Home",78903,36.256,17.047854,6215.31506,2161.93824,1,74,13.333333,51.7546,51.7546,0,502,91,"Urban and Built-up",18.571098,19,14.25,101.5,0.9337794,58251.587,"0.018550531 [1/m^2]","3140157 [m^2]",26.8,52.360802,NA,"",0.117113630617302
"92",92,"Scharnagl Home",203563.54,43.83077,62.768835,2037.56997,735.80159,15,33,10.5,270.0971,268.82676,1.2703411,872,92,"Urban and Built-up",19.423237,19,13.95,114.4,0.8306564,52104.839,"0.016593066 [1/m^2]","3140157 [m^2]",10.3,220.687149,"ASH","Retired from UWIN",0.224854507594888
"93",93,"Schell Home",105837,45.53,31.729215,1897.11866,687.65868,1,61,12.333333,224.40288,224.40288,0,716,93,"Urban and Built-up",28,28,14.45,134.5,0.869122,32462.966,"0.010338006 [1/m^2]","3140157 [m^2]",11.3,56.342907,"CSH","",0.199956393393609
"94",94,"Scott Home",175168.57,51.91429,68.608544,2595.64996,1095.61411,1,17,13.166667,76.9976,76.9976,0,350,94,"Urban and Built-up",11.973475,12,14.15,128.7,0.8539677,49519.036,"0.015769603 [1/m^2]","3140157 [m^2]",7.5,164.162476,NA,"",0.212923185754567
"95",95,"Shannon Home",72917.36,38.14615,29.787866,3510.07894,1471.73175,9,58,12.333333,156.67647,156.67647,0,1126,95,"Urban and Built-up",11.558673,12,14.35,126.5,0.9413145,60816.533,"0.019367352 [1/m^2]","3140157 [m^2]",21.4,14.835136,NA,"",0.116856895913691
"96",96,"Sherman Home",183497.33,50.48333,70.463842,2425.14035,997.60789,1,61,14,164.06674,164.06674,0,527,96,"Urban and Built-up",11.082282,11,13.75,131.4,0.777414,43526.636,"0.013861291 [1/m^2]","3140157 [m^2]",4.9,313.578857,NA,"Wilson Sherman #2",0.254047677555277
"97",97,"Sherrer Home",142621.57,45.57143,36.4393,3580.60721,1238.2001,3,34,17.666667,211.53267,211.53267,0,1288,97,"Urban and Built-up",13.671397,14,NA,101.5,NA,46572.735,"0.014831338 [1/m^2]","3140157 [m^2]",14.7,3.535545,NA,"",0.11153438704017
"98",98,"Shunick Home",207817.08,45.43077,62.277707,2211.86108,790.98596,1,51,12.666667,465.35528,465.35528,0,590,98,"Urban and Built-up",23.516176,24,14.05,115.2,0.7940146,44008.941,"0.014014884 [1/m^2]","3140157 [m^2]",9.3,212.008575,NA,"IOR",0.215610418844271
"99",99,"Sibley Volcanic Regional Preserve",201301.29,44.4,59.967523,978.63736,480.99861,1,0,11.5,2958.76972,2958.28367,0.4860457,961,99,"Mixed Forest",11.000922,11,13.55,127.4,0.5901322,16705.895,"0.005320082 [1/m^2]","3140157 [m^2]",2.2,307.239258,"SVR","",0.285006920529869
"100",100,"Skyline Gate Staging Area",184386.75,47.375,66.094038,1269.84665,491.32933,1,0,7.833333,3409.69361,3409.69361,0,1153,100,"Mixed Forest",11,11,13.55,123,0.6052942,25737.081,"0.008196112 [1/m^2]","3140157 [m^2]",3.8,360.683929,"SKSA","",0.306807624289391
"101",101,"Sobrante Ridge Regional Preserve",137394.5,47.85,37.116524,605.18521,208.994,1,0,9.833333,943.03985,943.03985,0,863,101,"Mixed Forest",10.790854,11,14.25,132.8,0.617947,12485.129,"0.003975957 [1/m^2]","3140157 [m^2]",2.8,150.853775,"SRRP","",0.290616423217919
"102",102,"Squire Home",146772.96,43.075,48.254011,4583.96562,2014.49081,31,21,14.166667,64.70338,64.70338,0,690,102,"Urban and Built-up",17.300312,17,14.25,105.4,0.9253537,63033.023,"0.020073205 [1/m^2]","3140157 [m^2]",36.1,30.165443,NA,"",0.156238970247338
"103",103,"Sunset View Cemetery",150273.5,47.88889,60.680547,3152.91799,1355.52717,3,22,11.833333,228.89145,228.89145,0,890,103,"Urban and Built-up",7.24342,7,14.25,126.9,0.8770081,46198.713,"0.014712229 [1/m^2]","3140157 [m^2]",7.1,85.670021,"SVC","",0.195595578878148
"104",104,"Tarvin Home",124571.6,44.53125,42.816926,2351.95369,974.31171,1,50,13.333333,81.60082,81.60082,0,613,104,"Urban and Built-up",18.374306,18,14.15,131,0.912889,48193.271,"0.015347406 [1/m^2]","3140157 [m^2]",9.7,104.829773,"BTH","Retired from UWIN",0.181957161957115
"105",105,"Temescal Regional Recreation Area",197825.82,47.98182,63.406278,1812.35914,728.53524,1,0,11.666667,251.23299,244.98828,6.2447112,616,105,"Mixed Forest",16.245832,16,14.05,118.1,0.878585,55155.983,"0.017564719 [1/m^2]","3140157 [m^2]",10.4,152.808365,"TRRA","",0.1951198255904
"106",106,"The Dog Social Club Cooperative",84869.4,35.055,26.624648,4316.59593,1843.56624,15,100,17.333333,179.01851,179.01851,0,1039,106,"Urban and Built-up",19.342613,19,14.15,108.7,0.9513558,73725.339,"0.023478231 [1/m^2]","3140157 [m^2]",58.6,5.877658,NA,"",0.0819728971177868
"107",107,"Tilden Nature Area-Jewel Lake",171402.67,50.67778,62.385178,2096.16836,859.84064,1,0,4,17980.33701,16534.83413,1445.502877,977,107,"Mixed Forest",12.280521,12,13.95,133.4,0.5237115,19513.759,"0.006214261 [1/m^2]","3140157 [m^2]",1.7,156.874847,"TNA-JL","",0.274856245152223
"108",108,"Tilden Nature Area-Loop Road Parking",186773,52.87778,67.043588,2088.21022,877.41805,1,0,4,17980.33701,16534.83413,1445.502877,977,108,"Mixed Forest",11.356685,11,13.95,132.4,0.506391,28192.704,"0.008978118 [1/m^2]","3140157 [m^2]",1.9,178.71669,"TNA-LR","",0.280189120360715
"109",109,"Tilden Regional Park-Arroyo Pkwy",194695,49.63333,60.837397,162.46735,65.0134,1,0,6.5,3400.49556,3400.49556,0,875,109,"Mixed Forest",18.133219,18,13.55,132.5,0.453687,8351.708,"0.002659646 [1/m^2]","3140157 [m^2]",1.4,343.518677,"TRP-AP","IOR",0.305688935487765
"110",110,"Tilden Regional Park-Lake Anza",186091.62,50.325,69.088515,1870.92576,772.81648,1,0,4,17980.33701,16534.83413,1445.502877,977,110,"Temperate or Subpolar Needleaf Forest",11.412156,11,13.75,133.1,0.4831218,25270.384,"0.008047490 [1/m^2]","3140157 [m^2]",1.5,240.461578,"TRP-LA","IOR",0.287337903545033
"111",111,"Tilden Regional Park-Nimitz Way",184792.5,49.25,58.919595,95.26131,34.86866,1,0,4,17980.33701,16534.83413,1445.502877,977,111,"Temperate or Subpolar Needleaf Forest",10.999864,11,13.75,134.9,0.3916713,15577.56,"0.004960758 [1/m^2]","3140157 [m^2]",1.1,305.110229,"TRP-NW","",0.298575104089249
"112",112,"Tilden Regional Park-Seaview Trail",202413.5,48.9,66.452946,231.00674,92.71561,1,0,6.5,3400.49556,3400.49556,0,875,112,"Temperate or Subpolar Shrubland",7.068204,7,13.25,132.7,0.4718833,11265.593,"0.003587589 [1/m^2]","3140157 [m^2]",2.4,504.502991,"TRP-ST","",0.298059989765271
"113",113,"Tudor Home",218209.83,48.88333,64.602595,733.37986,276.97676,5,4,8.833333,369.88251,369.88251,0,468,113,"Urban and Built-up",26.40675,26,14.05,123.9,0.6867517,23098.63,"0.007355883 [1/m^2]","3140157 [m^2]",2.8,194.888519,NA,"IOR",0.27187737902389
"114",114,"UC Gill Tract",110533.35,38.75238,46.768542,5849.13096,2266.49414,48,62,17.833333,677.36757,273.90244,403.4651271,798,114,"Urban and Built-up",20.002949,20,14.35,121.2,0.9222558,63131.52,"0.020104572 [1/m^2]","3140157 [m^2]",35.3,13.176613,"UCGT","",0.114871165214155
"115",115,"UCB Women's Faculty Club",82355.07,28.20455,44.622769,13532.76468,4175.29193,54,21,13.5,419.89406,419.89406,0,253,115,"Urban and Built-up",15.060704,15,14.15,121.5,0.8745778,52312.901,"0.016659325 [1/m^2]","3140157 [m^2]",49.5,98.454201,"UCB-WC","IOR",0.170342648241662
"116",116,"University Village Community Garden",97309.15,35.98571,40.763086,6288.06648,2444.34738,23,6,17.833333,677.36757,273.90244,403.4651271,798,116,"Urban and Built-up",8,8,14.35,121.5,0.8233916,53706.294,"0.017103058 [1/m^2]","3140157 [m^2]",32.6,3.845449,NA,"",0.0954039053973389
"117",117,"Urban Tilth's Edible Forest",59644.25,32.52222,6.243992,4933.35332,1601.0694,4,47,16,103.02513,103.02513,0,563,117,"Urban and Built-up",13.164504,13,14.25,129,0.9384029,62923.971,"0.020038477 [1/m^2]","3140157 [m^2]",40.4,8.618657,NA,"",0.0886313004880697
"118",118,"Wakefield Home",104946.88,43.21765,46.909977,4471.54868,1835.92275,69,50,16.166667,71.49641,71.49641,0,562,118,"Urban and Built-up",16.024269,16,14.25,100.5,0.8775038,68960.602,"0.021960875 [1/m^2]","3140157 [m^2]",15,7.723001,NA,"",0.116267775504818
"119",119,"Wildcat Canyon Regional Park",95009,42.31667,31.304837,2843.62913,1088.40008,10,0,9.666667,120.46001,120.46001,0,441,119,"Urban and Built-up",11,11,14.25,130.6,0.6987523,45586.449,"0.014517250 [1/m^2]","3140157 [m^2]",5.8,63.356594,"WCRP","",0.204329165267188
"120",120,"Wildcat Marsh Staging Area",68918.6,36.56,13.48649,1737.38296,489.42924,1,60,11.5,1552.73266,1213.84416,338.8885073,874,120,"Urban and Built-up",28,28,14.35,132.5,0.8486751,27898.737,"0.008884503 [1/m^2]","3140157 [m^2]",18.8,3.415059,"WMSA","Wildcat Creek Trailhead (WCT)",0.136139753331379
"121",121,"Wilkinson Home",99910.57,36.54348,40.2374,4864.34423,2367.35461,48,60,18.5,55.7423,55.7423,0,660,121,"Urban and Built-up",11.604665,12,14.25,112.6,0.9292126,65853.278,"0.020971330 [1/m^2]","3140157 [m^2]",41.4,8.883122,NA,"",0.077949534594457
"122",122,"Williams Home",88083.37,35.97,50.905999,7186.7674,3395.9165,100,50,16.166667,40.22343,40.22343,0,538,122,"Urban and Built-up",12.378024,12,14.25,120.9,0.9400609,65448.977,"0.020842579 [1/m^2]","3140157 [m^2]",22.9,58.885494,NA,"",0.132415369224332
"123",123,"Wolff Home",123975.5,42.5,30.103091,1311.09243,557.04896,1,22,6.166667,757.1952,757.1952,0,1489,123,"Urban and Built-up",25.198904,25,14.15,104.2,0.757181,44816.778,"0.014272144 [1/m^2]","3140157 [m^2]",14.2,143.678619,NA,"",0.222851203836901
"124",124,"YES Nature to Neighborhoods",73171.22,36.04737,12.256468,4820.06082,1567.93565,1,75,14,53.42178,53.42178,0,545,124,"Urban and Built-up",12.342767,12,14.35,128.4,0.9387203,56830.196,"0.018097881 [1/m^2]","3140157 [m^2]",32.1,19.107172,NA,"",0.105650988899802
